DEPARTAME_NOMBRE,MUNICIPIO_COD,MUNICIPIO_NOMBRE,REGION,VIP CON RED,HOG 12 CON RED,INST_PUB,ACC APRO HOG12,FEC CORTE,VALOR INVERSION,TOTAL APROBADOS,FECHA VIGENCIA
BOLIVAR,SANTA,13688,REGION 4,0,172,0,172,12/31/16,"963,368,973,397",172,12/31/16
BOLIVAR,SAN C,13620,REGION 4,0,37,0,37,12/31/16,"207,236,348,928",37,12/31/16
BOLIVAR,TALAI,13780,REGION 4,0,37,0,37,12/31/16,"207,236,348,928",37,12/31/16
BOLIVAR,CARTA,13001,REGION 4,1197,697,0,697,12/31/16,"10,608,260,672,176",1894,12/31/16
BOLIVAR,MARIA,13442,REGION 4,0,174,0,174,12/31/16,"974,570,938,204",174,12/31/16
BOLIVAR,SAN F,13650,REGION 4,0,33,0,33,12/31/16,"184,832,419,315",33,12/31/16
BOLIVAR,TURBA,13838,REGION 4,0,245,0,245,12/31/16,"1,372,240,688,851",245,12/31/16
BOLIVAR,MAHAT,13433,REGION 4,0,53,0,53,12/31/16,"296,852,067,384",53,12/31/16
BOLIVAR,CLEME,13222,REGION 4,0,36,0,36,12/31/16,"201,635,366,525",36,12/31/16
BOLIVAR,CALAM,13140,REGION 4,0,141,0,141,12/31/16,"789,738,518,890",141,12/31/16
BOLIVAR,TURBA,13836,REGION 4,0,159,0,159,12/31/16,"890,556,202,152",159,12/31/16
BOLIVAR,CICUC,13188,REGION 4,0,158,0,158,12/31/16,"884,955,219,749",158,12/31/16
BOLIVAR,EL GU,13248,REGION 4,0,5,0,5,12/31/16,"28,004,912,017",5,12/31/16
BOLIVAR,MAGAN,13430,REGION 4,0,1614,0,1614,12/31/16,"9,039,985,599,204",1614,12/31/16
BOLIVAR,TIQUI,13810,REGION 4,0,12,0,12,12/31/16,"67,211,788,842",12,12/31/16
BOLIVAR,BARRA,13074,REGION 4,0,109,0,109,12/31/16,"610,507,081,978",109,12/31/16
BOLIVAR,SIMIT,13744,REGION 4,0,122,0,122,12/31/16,"683,319,853,224",122,12/31/16
BOLIVAR,SAN J,13657,REGION 4,0,73,0,73,12/31/16,"408,871,715,453",73,12/31/16
BOLIVAR,ARJON,13052,REGION 4,0,353,0,353,12/31/16,"1,977,146,788,426",353,12/31/16
BOLIVAR,ARENA,13042,REGION 4,0,37,0,37,12/31/16,"207,236,348,928",37,12/31/16
BOLIVAR,SANTA,13683,REGION 4,0,156,0,156,12/31/16,"873,753,254,942",156,12/31/16
BOLIVAR,RIO V,13600,REGION 4,0,73,0,73,12/31/16,"408,871,715,453",73,12/31/16
BOLIVAR,SAN J,13654,REGION 4,0,257,0,257,12/31/16,"1,439,452,477,692",257,12/31/16
BOLIVAR,VILLA,13873,REGION 4,0,88,0,88,12/31/16,"492,886,451,506",88,12/31/16
BOLIVAR,ZAMBR,13894,REGION 4,0,42,0,42,12/31/16,"235,241,260,946",42,12/31/16
BOLIVAR,MOMPO,13468,REGION 4,0,600,0,600,12/31/16,"3,360,589,442,083",600,12/31/16
BOLIVAR,SANTA,13673,REGION 4,0,171,0,171,12/31/16,"957,767,990,994",171,12/31/16
BOLIVAR,MARGA,13440,REGION 4,0,64,0,64,12/31/16,"358,462,873,822",64,12/31/16
BOLIVAR,SAN M,13667,REGION 4,0,177,0,177,12/31/16,"991,373,885,415",177,12/31/16
BOLIVAR,SOPLA,13760,REGION 4,0,63,0,63,12/31/16,"352,861,891,419",63,12/31/16
BOLIVAR,PINIL,13549,REGION 4,0,64,0,64,12/31/16,"358,462,873,822",64,12/31/16
BOLIVAR,MORAL,13473,REGION 4,0,122,0,122,12/31/16,"683,319,853,224",122,12/31/16
BOLIVAR,CORDO,13212,REGION 4,0,21,0,21,12/31/16,"117,620,630,473",21,12/31/16
BOLIVAR,REGID,13580,REGION 4,0,24,0,24,12/31/16,"134,423,577,683",24,12/31/16
BOLIVAR,SAN E,13647,REGION 4,0,120,0,120,12/31/16,"672,117,888,417",120,12/31/16
BOLIVAR,SAN P,13670,REGION 4,0,318,0,318,12/31/16,"1,781,112,404,304",318,12/31/16
BOLIVAR,ARROY,13062,REGION 4,0,43,0,43,12/31/16,"240,842,243,349",43,12/31/16
BOLIVAR,SAN J,13655,REGION 4,0,58,0,58,12/31/16,"324,856,979,401",58,12/31/16
BOLIVAR,EL CA,13244,REGION 4,0,769,0,769,12/31/16,"4,307,155,468,270",769,12/31/16
BOLIVAR,CANTA,13160,REGION 4,0,63,0,63,12/31/16,"352,861,891,419",63,12/31/16
BOLIVAR,EL PE,13268,REGION 4,0,3,0,3,12/31/16,"16,802,947,210",3,12/31/16
BOLIVAR,HATIL,13300,REGION 4,0,5,0,5,12/31/16,"28,004,912,017",5,12/31/16
BOLIVAR,ACHI,13006,REGION 4,0,170,0,170,12/31/16,"952,167,008,590",170,12/31/16
BOLIVAR,ALTOS,13030,REGION 4,0,93,0,93,12/31/16,"520,891,363,523",93,12/31/16
QUINDIO,BUENA,63111,REGION 6,0,14,0,14,12/31/16,"49,889,178,203",14,12/31/16
CALDAS,SAMAN,17662,REGION 6,0,124,0,124,12/31/16,"441,875,578,368",124,12/31/16
CALDAS,PENSI,17541,REGION 6,4,241,0,241,12/31/16,"873,060,618,550",245,12/31/16
CALDAS,SAN J,17665,REGION 6,0,6,0,6,12/31/16,"21,381,076,373",6,12/31/16
VALLE DEL CAUCA,CAICE,76122,REGION 6,0,21,0,21,12/31/16,"74,833,767,304",21,12/31/16
CALDAS,VICTO,17867,REGION 6,0,70,0,70,12/31/16,"249,445,891,014",70,12/31/16
VALLE DEL CAUCA,BUENA,76109,REGION 6,0,71,0,71,12/31/16,"253,009,403,743",71,12/31/16
CALDAS,MANIZ,17001,REGION 6,39,212,0,212,12/31/16,"894,441,694,922",251,12/31/16
CALDAS,PACOR,17513,REGION 6,0,362,0,362,12/31/16,"1,289,991,607,816",362,12/31/16
VALLE DEL CAUCA,BUGAL,76113,REGION 6,0,62,0,62,12/31/16,"220,937,789,184",62,12/31/16
RISARALDA,DOSQU,66170,REGION 6,60,69,0,69,12/31/16,"459,693,142,012",129,12/31/16
CALDAS,LA DO,17380,REGION 6,39,482,0,482,12/31/16,"1,856,590,131,692",521,12/31/16
VALLE DEL CAUCA,LA CU,76377,REGION 6,0,122,0,122,12/31/16,"434,748,552,910",122,12/31/16
CALDAS,VITER,17877,REGION 6,25,124,0,124,12/31/16,"530,963,396,587",149,12/31/16
VALLE DEL CAUCA,BOLIV,76100,REGION 6,0,108,0,108,12/31/16,"384,859,374,708",108,12/31/16
VALLE DEL CAUCA,YOTOC,76890,REGION 6,0,149,0,149,12/31/16,"530,963,396,587",149,12/31/16
CALDAS,CHINC,17174,REGION 6,0,1,0,1,12/31/16,"3,563,512,729",1,12/31/16
CHOCO,SAN J,27660,REGION 6,0,37,0,37,12/31/16,"131,849,970,965",37,12/31/16
VALLE DEL CAUCA,GINEB,76306,REGION 6,0,31,0,31,12/31/16,"110,468,894,592",31,12/31/16
CALDAS,NORCA,17495,REGION 6,0,65,0,65,12/31/16,"231,628,327,370",65,12/31/16
VALLE DEL CAUCA,LA VI,76403,REGION 6,0,86,0,86,12/31/16,"306,462,094,675",86,12/31/16
VALLE DEL CAUCA,VERSA,76863,REGION 6,0,33,0,33,12/31/16,"117,595,920,050",33,12/31/16
VALLE DEL CAUCA,DAGUA,76233,REGION 6,0,65,0,65,12/31/16,"231,628,327,370",65,12/31/16
RISARALDA,PEREI,66001,REGION 6,178,37,0,37,12/31/16,"766,155,236,687",215,12/31/16
CALDAS,ARANZ,17050,REGION 6,0,156,0,156,12/31/16,"555,907,985,689",156,12/31/16
QUINDIO,GENOV,63302,REGION 6,0,71,0,71,12/31/16,"253,009,403,743",71,12/31/16
VALLE DEL CAUCA,CARTA,76147,REGION 6,0,107,0,107,12/31/16,"381,295,861,979",107,12/31/16
RISARALDA,LA VI,66400,REGION 6,171,28,0,28,12/31/16,"709,139,033,026",199,12/31/16
RISARALDA,GUATI,66318,REGION 6,0,61,0,61,12/31/16,"217,374,276,455",61,12/31/16
CALDAS,PALES,17524,REGION 6,13,72,0,72,12/31/16,"302,898,581,946",85,12/31/16
CALDAS,MARUL,17446,REGION 6,0,29,0,29,12/31/16,"103,341,869,134",29,12/31/16
VALLE DEL CAUCA,RESTR,76606,REGION 6,0,143,0,143,12/31/16,"509,582,320,215",143,12/31/16
QUINDIO,PIJAO,63548,REGION 6,0,24,0,24,12/31/16,"85,524,305,491",24,12/31/16
VALLE DEL CAUCA,CANDE,76130,REGION 6,0,3,0,3,12/31/16,"10,690,538,186",3,12/31/16
QUINDIO,CORDO,63212,REGION 6,0,32,0,32,12/31/16,"114,032,407,321",32,12/31/16
QUINDIO,QUIMB,63594,REGION 6,1,157,0,157,12/31/16,"563,035,011,146",158,12/31/16
VALLE DEL CAUCA,TORO,76823,REGION 6,0,253,0,253,12/31/16,"901,568,720,380",253,12/31/16
CALDAS,MARMA,17442,REGION 6,0,22,0,22,12/31/16,"78,397,280,033",22,12/31/16
CALDAS,BELAL,17088,REGION 6,0,8,0,8,12/31/16,"28,508,101,830",8,12/31/16
RISARALDA,QUINC,66594,REGION 6,0,129,0,129,12/31/16,"459,693,142,012",129,12/31/16
QUINDIO,LA TE,63401,REGION 6,0,28,0,28,12/31/16,"99,778,356,406",28,12/31/16
VALLE DEL CAUCA,FLORI,76275,REGION 6,0,14,0,14,12/31/16,"49,889,178,203",14,12/31/16
VALLE DEL CAUCA,SAN P,76670,REGION 6,0,20,0,20,12/31/16,"71,270,254,575",20,12/31/16
QUINDIO,SALEN,63690,REGION 6,0,23,0,23,12/31/16,"81,960,792,762",23,12/31/16
QUINDIO,CIRCA,63190,REGION 6,0,81,0,81,12/31/16,"288,644,531,031",81,12/31/16
QUINDIO,FILAN,63272,REGION 6,0,110,0,110,12/31/16,"391,986,400,165",110,12/31/16
VALLE DEL CAUCA,LA UN,76400,REGION 6,0,23,0,23,12/31/16,"81,960,792,762",23,12/31/16
CALDAS,RIOSU,17614,REGION 6,0,432,0,432,12/31/16,"1,539,437,498,831",432,12/31/16
CALDAS,MARQU,17444,REGION 6,0,101,0,101,12/31/16,"359,914,785,606",101,12/31/16
QUINDIO,CALAR,63130,REGION 6,0,85,0,85,12/31/16,"302,898,581,946",85,12/31/16
VALLE DEL CAUCA,ANSER,76041,REGION 6,0,202,0,202,12/31/16,"719,829,571,212",202,12/31/16
VALLE DEL CAUCA,TULUA,76834,REGION 6,0,21,0,21,12/31/16,"74,833,767,304",21,12/31/16
CALDAS,LA ME,17388,REGION 6,0,26,0,26,12/31/16,"92,651,330,948",26,12/31/16
VALLE DEL CAUCA,YUMBO,76892,REGION 6,0,185,0,185,12/31/16,"659,249,854,823",185,12/31/16
VALLE DEL CAUCA,ANDAL,76036,REGION 6,90,112,0,112,12/31/16,"719,829,571,212",202,12/31/16
VALLE DEL CAUCA,GUADA,76111,REGION 6,110,205,0,205,12/31/16,"1,122,506,509,564",315,12/31/16
VALLE DEL CAUCA,ALCAL,76020,REGION 6,0,145,0,145,12/31/16,"516,709,345,672",145,12/31/16
CALDAS,MANZA,17433,REGION 6,0,195,0,195,12/31/16,"694,884,982,111",195,12/31/16
VALLE DEL CAUCA,TRUJI,76828,REGION 6,0,95,0,95,12/31/16,"338,533,709,234",95,12/31/16
CALDAS,SUPIA,17777,REGION 6,0,33,0,33,12/31/16,"117,595,920,050",33,12/31/16
CALDAS,SALAM,17653,REGION 6,0,222,0,222,12/31/16,"791,099,825,788",222,12/31/16
VALLE DEL CAUCA,CALI,76001,REGION 6,272,0,0,0,12/31/16,"969,275,462,227",272,12/31/16
RISARALDA,BELEN,66088,REGION 6,0,49,0,49,12/31/16,"174,612,123,710",49,12/31/16
RISARALDA,MISTR,66456,REGION 6,0,65,0,65,12/31/16,"231,628,327,370",65,12/31/16
RISARALDA,BALBO,66075,REGION 6,0,2,0,2,12/31/16,"7,127,025,458",2,12/31/16
QUINDIO,ARMEN,63001,REGION 6,19,37,0,37,12/31/16,"199,556,712,811",56,12/31/16
RISARALDA,LA CE,66383,REGION 6,0,27,0,27,12/31/16,"96,214,843,677",27,12/31/16
VALLE DEL CAUCA,EL AG,76243,REGION 6,0,134,0,134,12/31/16,"477,510,705,656",134,12/31/16
VALLE DEL CAUCA,ROLDA,76622,REGION 6,0,68,0,68,12/31/16,"242,318,865,557",68,12/31/16
VALLE DEL CAUCA,GUACA,76318,REGION 6,19,91,0,91,12/31/16,"391,986,400,165",110,12/31/16
VALLE DEL CAUCA,RIOFR,76616,REGION 6,0,207,0,207,12/31/16,"737,647,134,856",207,12/31/16
VALLE DEL CAUCA,EL CA,76246,REGION 6,0,133,0,133,12/31/16,"473,947,192,927",133,12/31/16
CALDAS,VILLA,17873,REGION 6,0,4,0,4,12/31/16,"14,254,050,915",4,12/31/16
VALLE DEL CAUCA,OBAND,76497,REGION 6,0,313,0,313,12/31/16,"1,115,379,484,106",313,12/31/16
CALDAS,AGUAD,17013,REGION 6,0,396,0,396,12/31/16,"1,411,151,040,595",396,12/31/16
VALLE DEL CAUCA,ARGEL,76054,REGION 6,0,101,0,101,12/31/16,"359,914,785,606",101,12/31/16
VALLE DEL CAUCA,SEVIL,76736,REGION 6,0,11,0,11,12/31/16,"39,198,640,017",11,12/31/16
CALDAS,RISAR,17616,REGION 6,4,47,0,47,12/31/16,"181,739,149,168",51,12/31/16
VALLE DEL CAUCA,JAMUN,76364,REGION 6,0,25,0,25,12/31/16,"89,087,818,219",25,12/31/16
VALLE DEL CAUCA,PALMI,76520,REGION 6,189,25,0,25,12/31/16,"762,591,723,958",214,12/31/16
CALDAS,NEIRA,17486,REGION 6,0,131,0,131,12/31/16,"466,820,167,469",131,12/31/16
CALDAS,FILAD,17272,REGION 6,0,60,0,60,12/31/16,"213,810,763,726",60,12/31/16
VALLE DEL CAUCA,ZARZA,76895,REGION 6,0,62,0,62,12/31/16,"220,937,789,184",62,12/31/16
CALDAS,ANSER,17042,REGION 6,0,21,0,21,12/31/16,"74,833,767,304",21,12/31/16
RISARALDA,SANTA,66682,REGION 6,0,2,0,2,12/31/16,"7,127,025,458",2,12/31/16
RISARALDA,MARSE,66440,REGION 6,0,36,0,36,12/31/16,"128,286,458,236",36,12/31/16
VALLE DEL CAUCA,ULLOA,76845,REGION 6,0,26,0,26,12/31/16,"92,651,330,948",26,12/31/16
VALLE DEL CAUCA,EL DO,76250,REGION 6,0,58,0,58,12/31/16,"206,683,738,269",58,12/31/16
VALLE DEL CAUCA,VIJES,76869,REGION 6,0,80,0,80,12/31/16,"285,081,018,302",80,12/31/16
QUINDIO,MONTE,63470,REGION 6,0,74,0,74,12/31/16,"263,699,941,929",74,12/31/16
VALLE DEL CAUCA,EL CE,76248,REGION 6,0,18,0,18,12/31/16,"64,143,229,118",18,12/31/16
VALLE DEL CAUCA,CALIM,76126,REGION 6,0,197,0,197,12/31/16,"702,012,007,569",197,12/31/16
SANTANDER,ALBAN,68020,REGION 7,0,3,0,3,12/31/16,"11,893,123,204",3,12/31/16
SANTANDER,SUCRE,68773,REGION 7,0,47,0,47,12/31/16,"186,325,596,861",47,12/31/16
CASANARE,MANI,85139,REGION 7,0,370,0,370,12/31/16,"1,466,818,528,484",370,12/31/16
CASANARE,AGUAZ,85010,REGION 7,0,275,0,275,12/31/16,"1,090,202,960,360",275,12/31/16
SANTANDER,SANTA,68705,REGION 7,0,6,0,6,12/31/16,"23,786,246,408",6,12/31/16
BOYACA,SACHI,15638,REGION 7,0,46,0,46,12/31/16,"182,361,222,460",46,12/31/16
BOYACA,IZA,15362,REGION 7,0,15,0,15,12/31/16,"59,465,616,020",15,12/31/16
SANTANDER,LEBRI,68406,REGION 7,0,87,0,87,12/31/16,"344,900,572,914",87,12/31/16
SANTANDER,PARAM,68533,REGION 7,0,20,0,20,12/31/16,"79,287,488,026",20,12/31/16
BOYACA,UMBIT,15842,REGION 7,0,51,0,51,12/31/16,"202,183,094,467",51,12/31/16
SANTANDER,RIONE,68615,REGION 7,0,106,0,106,12/31/16,"420,223,686,539",106,12/31/16
SANTANDER,LOS S,68418,REGION 7,0,11,0,11,12/31/16,"43,608,118,414",11,12/31/16
SANTANDER,GUADA,68320,REGION 7,0,9,0,9,12/31/16,"35,679,369,612",9,12/31/16
BOYACA,SOTAQ,15763,REGION 7,0,18,0,18,12/31/16,"71,358,739,224",18,12/31/16
BOYACA,TOPAG,15820,REGION 7,0,22,0,22,12/31/16,"87,216,236,829",22,12/31/16
CASANARE,TAMAR,85400,REGION 7,0,84,0,84,12/31/16,"333,007,449,710",84,12/31/16
BOYACA,TUNUN,15832,REGION 7,0,23,0,23,12/31/16,"91,180,611,230",23,12/31/16
SANTANDER,SAN A,68669,REGION 7,0,30,0,30,12/31/16,"118,931,232,039",30,12/31/16
BOYACA,SIACH,15740,REGION 7,0,24,0,24,12/31/16,"95,144,985,631",24,12/31/16
SANTANDER,LANDA,68385,REGION 7,0,39,0,39,12/31/16,"154,610,601,651",39,12/31/16
CASANARE,PAZ D,85250,REGION 7,0,189,0,189,12/31/16,"749,266,761,847",189,12/31/16
CASANARE,YOPAL,85001,REGION 7,0,75,0,75,12/31/16,"297,328,080,098",75,12/31/16
SANTANDER,EL PE,68250,REGION 7,0,20,0,20,12/31/16,"79,287,488,026",20,12/31/16
SANTANDER,CONTR,68211,REGION 7,0,50,0,50,12/31/16,"198,218,720,065",50,12/31/16
SANTANDER,ENCIN,68264,REGION 7,0,9,0,9,12/31/16,"35,679,369,612",9,12/31/16
BOYACA,BELEN,15087,REGION 7,0,189,0,189,12/31/16,"749,266,761,847",189,12/31/16
SANTANDER,FLORI,68271,REGION 7,0,20,0,20,12/31/16,"79,287,488,026",20,12/31/16
BOYACA,CHIVA,15187,REGION 7,0,7,0,7,12/31/16,"27,750,620,809",7,12/31/16
SANTANDER,MOLAG,68468,REGION 7,0,4,0,4,12/31/16,"15,857,497,605",4,12/31/16
BOYACA,MONGU,15466,REGION 7,0,42,0,42,12/31/16,"166,503,724,855",42,12/31/16
SANTANDER,CHART,68169,REGION 7,0,12,0,12,12/31/16,"47,572,492,816",12,12/31/16
BOYACA,RONDO,15621,REGION 7,0,5,0,5,12/31/16,"19,821,872,007",5,12/31/16
BOYACA,PAEZ,15514,REGION 7,0,18,0,18,12/31/16,"71,358,739,224",18,12/31/16
SANTANDER,MACAR,68425,REGION 7,0,10,0,10,12/31/16,"39,643,744,013",10,12/31/16
BOYACA,SAN P,15681,REGION 7,0,8,0,8,12/31/16,"31,714,995,210",8,12/31/16
SANTANDER,VETAS,68867,REGION 7,0,6,0,6,12/31/16,"23,786,246,408",6,12/31/16
SANTANDER,PINCH,68549,REGION 7,0,7,0,7,12/31/16,"27,750,620,809",7,12/31/16
SANTANDER,CABRE,68121,REGION 7,0,4,0,4,12/31/16,"15,857,497,605",4,12/31/16
BOYACA,SAN M,15676,REGION 7,0,8,0,8,12/31/16,"31,714,995,210",8,12/31/16
CASANARE,SABAN,85300,REGION 7,0,142,0,142,12/31/16,"562,941,164,986",142,12/31/16
BOYACA,TIBAS,15806,REGION 7,0,25,0,25,12/31/16,"99,109,360,033",25,12/31/16
BOYACA,TIPAC,15810,REGION 7,0,15,0,15,12/31/16,"59,465,616,020",15,12/31/16
BOYACA,EL ES,15248,REGION 7,0,42,0,42,12/31/16,"166,503,724,855",42,12/31/16
SANTANDER,PUENT,68572,REGION 7,0,23,0,23,12/31/16,"91,180,611,230",23,12/31/16
BOYACA,SOCHA,15757,REGION 7,0,145,0,145,12/31/16,"574,834,288,190",145,12/31/16
SANTANDER,BARBO,68077,REGION 7,0,187,0,187,12/31/16,"741,338,013,045",187,12/31/16
SANTANDER,EL CA,68235,REGION 7,0,18,0,18,12/31/16,"71,358,739,224",18,12/31/16
SANTANDER,CONCE,68207,REGION 7,0,20,0,20,12/31/16,"79,287,488,026",20,12/31/16
BOYACA,CHITA,15185,REGION 7,0,6,0,6,12/31/16,"23,786,246,408",6,12/31/16
BOYACA,PAIPA,15516,REGION 7,0,78,0,78,12/31/16,"309,221,203,302",78,12/31/16
BOYACA,SOMON,15761,REGION 7,0,7,0,7,12/31/16,"27,750,620,809",7,12/31/16
BOYACA,PAZ D,15537,REGION 7,0,85,0,85,12/31/16,"336,971,824,111",85,12/31/16
BOYACA,LA VI,15401,REGION 7,0,3,0,3,12/31/16,"11,893,123,204",3,12/31/16
BOYACA,CUITI,15226,REGION 7,0,3,0,3,12/31/16,"11,893,123,204",3,12/31/16
SANTANDER,SIMAC,68745,REGION 7,0,24,0,24,12/31/16,"95,144,985,631",24,12/31/16
SANTANDER,PALMA,68522,REGION 7,0,5,0,5,12/31/16,"19,821,872,007",5,12/31/16
BOYACA,CHIQU,15176,REGION 7,56,129,0,129,12/31/16,"733,409,264,242",185,12/31/16
SANTANDER,SAN J,68682,REGION 7,0,9,0,9,12/31/16,"35,679,369,612",9,12/31/16
SANTANDER,PUERT,68573,REGION 7,0,13,0,13,12/31/16,"51,536,867,217",13,12/31/16
BOYACA,SANTA,15696,REGION 7,0,2,0,2,12/31/16,"7,928,748,803",2,12/31/16
BOYACA,MUZO,15480,REGION 7,0,31,0,31,12/31/16,"122,895,606,441",31,12/31/16
SANTANDER,CHIPA,68179,REGION 7,0,4,0,4,12/31/16,"15,857,497,605",4,12/31/16
BOYACA,CHIVO,15236,REGION 7,0,3,0,3,12/31/16,"11,893,123,204",3,12/31/16
BOYACA,SANTA,15686,REGION 7,0,123,0,123,12/31/16,"487,618,051,361",123,12/31/16
BOYACA,TURME,15835,REGION 7,0,44,0,44,12/31/16,"174,432,473,658",44,12/31/16
SANTANDER,CHARA,68167,REGION 7,0,10,0,10,12/31/16,"39,643,744,013",10,12/31/16
BOYACA,NOBSA,15491,REGION 7,0,87,0,87,12/31/16,"344,900,572,914",87,12/31/16
SANTANDER,CURIT,68229,REGION 7,0,13,0,13,12/31/16,"51,536,867,217",13,12/31/16
SANTANDER,MALAG,68432,REGION 7,0,59,0,59,12/31/16,"233,898,089,677",59,12/31/16
BOYACA,LA UV,15403,REGION 7,0,40,0,40,12/31/16,"158,574,976,052",40,12/31/16
BOYACA,PUERT,15572,REGION 7,0,617,0,617,12/31/16,"2,446,019,005,607",617,12/31/16
BOYACA,CHISC,15180,REGION 7,0,62,0,62,12/31/16,"245,791,212,881",62,12/31/16
SANTANDER,MATAN,68444,REGION 7,0,26,0,26,12/31/16,"103,073,734,434",26,12/31/16
SANTANDER,PIEDE,68547,REGION 7,0,16,0,16,12/31/16,"63,429,990,421",16,12/31/16
BOYACA,CORRA,15215,REGION 7,0,59,0,59,12/31/16,"233,898,089,677",59,12/31/16
SANTANDER,COROM,68217,REGION 7,0,25,0,25,12/31/16,"99,109,360,033",25,12/31/16
BOYACA,SORA,15762,REGION 7,0,19,0,19,12/31/16,"75,323,113,625",19,12/31/16
BOYACA,GACHA,15293,REGION 7,0,3,0,3,12/31/16,"11,893,123,204",3,12/31/16
BOYACA,EL CO,15244,REGION 7,0,61,0,61,12/31/16,"241,826,838,480",61,12/31/16
SANTANDER,EL GU,68245,REGION 7,0,4,0,4,12/31/16,"15,857,497,605",4,12/31/16
SANTANDER,SAN J,68684,REGION 7,0,8,0,8,12/31/16,"31,714,995,210",8,12/31/16
BOYACA,OTANC,15507,REGION 7,0,67,0,67,12/31/16,"265,613,084,888",67,12/31/16
SANTANDER,SAN B,68673,REGION 7,0,7,0,7,12/31/16,"27,750,620,809",7,12/31/16
BOYACA,SANTA,15690,REGION 7,0,96,0,96,12/31/16,"380,579,942,526",96,12/31/16
BOYACA,GUACA,15317,REGION 7,0,10,0,10,12/31/16,"39,643,744,013",10,12/31/16
BOYACA,JENES,15367,REGION 7,0,6,0,6,12/31/16,"23,786,246,408",6,12/31/16
SANTANDER,GsEPS,68327,REGION 7,0,25,0,25,12/31/16,"99,109,360,033",25,12/31/16
BOYACA,GsICA,15332,REGION 7,0,46,0,46,12/31/16,"182,361,222,460",46,12/31/16
BOYACA,CAMPO,15135,REGION 7,0,7,0,7,12/31/16,"27,750,620,809",7,12/31/16
SANTANDER,OIBA,68500,REGION 7,0,30,0,30,12/31/16,"118,931,232,039",30,12/31/16
SANTANDER,SAN G,68679,REGION 7,0,83,0,83,12/31/16,"329,043,075,309",83,12/31/16
BOYACA,BOYAC,15104,REGION 7,0,3,0,3,12/31/16,"11,893,123,204",3,12/31/16
BOYACA,MARIP,15442,REGION 7,0,1,0,1,12/31/16,"3,964,374,401",1,12/31/16
SANTANDER,VELEZ,68861,REGION 7,0,40,0,40,12/31/16,"158,574,976,052",40,12/31/16
SANTANDER,MOGOT,68464,REGION 7,0,16,0,16,12/31/16,"63,429,990,421",16,12/31/16
SANTANDER,CALIF,68132,REGION 7,0,20,0,20,12/31/16,"79,287,488,026",20,12/31/16
SANTANDER,GUACA,68318,REGION 7,0,39,0,39,12/31/16,"154,610,601,651",39,12/31/16
BOYACA,PAJAR,15518,REGION 7,0,18,0,18,12/31/16,"71,358,739,224",18,12/31/16
BOYACA,FIRAV,15272,REGION 7,0,74,0,74,12/31/16,"293,363,705,697",74,12/31/16
BOYACA,SUSAC,15774,REGION 7,0,16,0,16,12/31/16,"63,429,990,421",16,12/31/16
BOYACA,SATIV,15723,REGION 7,0,1,0,1,12/31/16,"3,964,374,401",1,12/31/16
BOYACA,VIRAC,15879,REGION 7,0,3,0,3,12/31/16,"11,893,123,204",3,12/31/16
BOYACA,GUAYA,15325,REGION 7,0,24,0,24,12/31/16,"95,144,985,631",24,12/31/16
BOYACA,BETEI,15092,REGION 7,0,17,0,17,12/31/16,"67,394,364,822",17,12/31/16
SANTANDER,CIMIT,68190,REGION 7,0,61,0,61,12/31/16,"241,826,838,480",61,12/31/16
CASANARE,SACAM,85315,REGION 7,0,38,0,38,12/31/16,"150,646,227,250",38,12/31/16
BOYACA,BOAVI,15097,REGION 7,0,65,0,65,12/31/16,"257,684,336,085",65,12/31/16
BOYACA,ARCAB,15051,REGION 7,0,29,0,29,12/31/16,"114,966,857,638",29,12/31/16
SANTANDER,SURAT,68780,REGION 7,0,10,0,10,12/31/16,"39,643,744,013",10,12/31/16
BOYACA,MONGU,15464,REGION 7,0,40,0,40,12/31/16,"158,574,976,052",40,12/31/16
SANTANDER,LA PA,68397,REGION 7,0,9,0,9,12/31/16,"35,679,369,612",9,12/31/16
SANTANDER,GAMBI,68298,REGION 7,0,18,0,18,12/31/16,"71,358,739,224",18,12/31/16
BOYACA,MONIQ,15469,REGION 7,0,47,0,47,12/31/16,"186,325,596,861",47,12/31/16
SANTANDER,SABAN,68655,REGION 7,0,9,0,9,12/31/16,"35,679,369,612",9,12/31/16
BOYACA,CIENE,15189,REGION 7,0,2,0,2,12/31/16,"7,928,748,803",2,12/31/16
BOYACA,COPER,15212,REGION 7,0,12,0,12,12/31/16,"47,572,492,816",12,12/31/16
SANTANDER,VALLE,68855,REGION 7,0,32,0,32,12/31/16,"126,859,980,842",32,12/31/16
BOYACA,TUNJA,15001,REGION 7,134,59,0,59,12/31/16,"765,124,259,452",193,12/31/16
BOYACA,VILLA,15407,REGION 7,0,23,0,23,12/31/16,"91,180,611,230",23,12/31/16
SANTANDER,EL PL,68255,REGION 7,0,141,0,141,12/31/16,"558,976,790,584",141,12/31/16
CASANARE,PORE,85263,REGION 7,42,224,0,224,12/31/16,"1,054,523,590,748",266,12/31/16
SANTANDER,ENCIS,68266,REGION 7,0,14,0,14,12/31/16,"55,501,241,618",14,12/31/16
BOYACA,SANTA,15693,REGION 7,0,20,0,20,12/31/16,"79,287,488,026",20,12/31/16
CASANARE,CHAME,85015,REGION 7,0,2,0,2,12/31/16,"7,928,748,803",2,12/31/16
BOYACA,RAMIR,15599,REGION 7,0,40,0,40,12/31/16,"158,574,976,052",40,12/31/16
SANTANDER,FLORI,68276,REGION 7,0,144,0,144,12/31/16,"570,869,913,788",144,12/31/16
SANTANDER,BETUL,68092,REGION 7,0,39,0,39,12/31/16,"154,610,601,651",39,12/31/16
SANTANDER,CEPIT,68160,REGION 7,0,10,0,10,12/31/16,"39,643,744,013",10,12/31/16
BOYACA,CERIN,15162,REGION 7,0,24,0,24,12/31/16,"95,144,985,631",24,12/31/16
SANTANDER,CERRI,68162,REGION 7,0,36,0,36,12/31/16,"142,717,478,447",36,12/31/16
ARAUCA,ARAUQ,81065,REGION 7,0,24,0,24,12/31/16,"95,144,985,631",24,12/31/16
BOYACA,SABOY,15632,REGION 7,0,7,0,7,12/31/16,"27,750,620,809",7,12/31/16
BOYACA,TOTA,15822,REGION 7,0,10,0,10,12/31/16,"39,643,744,013",10,12/31/16
SANTANDER,BUCAR,68001,REGION 7,0,118,0,118,12/31/16,"467,796,179,354",118,12/31/16
SANTANDER,OCAMO,68498,REGION 7,0,4,0,4,12/31/16,"15,857,497,605",4,12/31/16
BOYACA,TOCA,15814,REGION 7,0,55,0,55,12/31/16,"218,040,592,072",55,12/31/16
SANTANDER,PALMA,68524,REGION 7,0,3,0,3,12/31/16,"11,893,123,204",3,12/31/16
BOYACA,ALMEI,15022,REGION 7,0,6,0,6,12/31/16,"23,786,246,408",6,12/31/16
BOYACA,DUITA,15238,REGION 7,0,704,0,704,12/31/16,"2,790,919,578,521",704,12/31/16
BOYACA,SUTAT,15778,REGION 7,0,2,0,2,12/31/16,"7,928,748,803",2,12/31/16
BOYACA,SAN M,15673,REGION 7,0,52,0,52,12/31/16,"206,147,468,868",52,12/31/16
BOYACA,CHINA,15172,REGION 7,0,58,0,58,12/31/16,"229,933,715,276",58,12/31/16
ARAUCA,SARAV,81736,REGION 7,0,133,0,133,12/31/16,"527,261,795,374",133,12/31/16
BOYACA,SOCOT,15755,REGION 7,0,13,0,13,12/31/16,"51,536,867,217",13,12/31/16
SANTANDER,CARCA,68152,REGION 7,0,15,0,15,12/31/16,"59,465,616,020",15,12/31/16
SANTANDER,BOLIV,68101,REGION 7,0,14,0,14,12/31/16,"55,501,241,618",14,12/31/16
BOYACA,GUATE,15322,REGION 7,0,53,0,53,12/31/16,"210,111,843,269",53,12/31/16
BOYACA,SOATA,15753,REGION 7,0,90,0,90,12/31/16,"356,793,696,118",90,12/31/16
BOYACA,TENZA,15798,REGION 7,0,19,0,19,12/31/16,"75,323,113,625",19,12/31/16
BOYACA,MOTAV,15476,REGION 7,0,6,0,6,12/31/16,"23,786,246,408",6,12/31/16
BOYACA,COVAR,15218,REGION 7,0,17,0,17,12/31/16,"67,394,364,822",17,12/31/16
BOYACA,CUCAI,15224,REGION 7,0,23,0,23,12/31/16,"91,180,611,230",23,12/31/16
SANTANDER,GUAVA,68324,REGION 7,0,2,0,2,12/31/16,"7,928,748,803",2,12/31/16
SANTANDER,SAN M,68686,REGION 7,0,7,0,7,12/31/16,"27,750,620,809",7,12/31/16
BOYACA,MIRAF,15455,REGION 7,0,234,0,234,12/31/16,"927,663,609,906",234,12/31/16
BOYACA,OICAT,15500,REGION 7,0,4,0,4,12/31/16,"15,857,497,605",4,12/31/16
SANTANDER,BARRA,68081,REGION 7,0,155,0,155,12/31/16,"614,478,032,203",155,12/31/16
SANTANDER,GUAPO,68322,REGION 7,0,21,0,21,12/31/16,"83,251,862,427",21,12/31/16
BOYACA,SAN J,15664,REGION 7,0,41,0,41,12/31/16,"162,539,350,454",41,12/31/16
CASANARE,VILLA,85440,REGION 7,0,478,0,478,12/31/16,"1,894,970,963,825",478,12/31/16
BOYACA,PAUNA,15531,REGION 7,0,45,0,45,12/31/16,"178,396,848,059",45,12/31/16
SANTANDER,SANTA,68720,REGION 7,0,3,0,3,12/31/16,"11,893,123,204",3,12/31/16
SANTANDER,CAPIT,68147,REGION 7,0,31,0,31,12/31/16,"122,895,606,441",31,12/31/16
SANTANDER,ZAPAT,68895,REGION 7,0,32,0,32,12/31/16,"126,859,980,842",32,12/31/16
SANTANDER,VILLA,68872,REGION 7,0,34,0,34,12/31/16,"134,788,729,644",34,12/31/16
CASANARE,NUNCH,85225,REGION 7,0,62,0,62,12/31/16,"245,791,212,881",62,12/31/16
CASANARE,TRINI,85430,REGION 7,0,222,0,222,12/31/16,"880,091,117,090",222,12/31/16
SANTANDER,GALAN,68296,REGION 7,0,6,0,6,12/31/16,"23,786,246,408",6,12/31/16
BOYACA,QUIPA,15580,REGION 7,0,14,0,14,12/31/16,"55,501,241,618",14,12/31/16
BOYACA,JERIC,15368,REGION 7,0,27,0,27,12/31/16,"107,038,108,835",27,12/31/16
BOYACA,VENTA,15861,REGION 7,0,33,0,33,12/31/16,"130,824,355,243",33,12/31/16
SANTANDER,GIRON,68307,REGION 7,0,16,0,16,12/31/16,"63,429,990,421",16,12/31/16
BOYACA,TUTAZ,15839,REGION 7,0,8,0,8,12/31/16,"31,714,995,210",8,12/31/16
BOYACA,ZETAQ,15897,REGION 7,0,6,0,6,12/31/16,"23,786,246,408",6,12/31/16
CASANARE,LA SA,85136,REGION 7,0,25,0,25,12/31/16,"99,109,360,033",25,12/31/16
BOYACA,SOGAM,15759,REGION 7,0,347,0,347,12/31/16,"1,375,637,917,254",347,12/31/16
BOYACA,SUTAM,15776,REGION 7,0,48,0,48,12/31/16,"190,289,971,263",48,12/31/16
BOYACA,NUEVO,15494,REGION 7,0,19,0,19,12/31/16,"75,323,113,625",19,12/31/16
BOYACA,SORAC,15764,REGION 7,0,3,0,3,12/31/16,"11,893,123,204",3,12/31/16
BOYACA,TINJA,15808,REGION 7,0,1,0,1,12/31/16,"3,964,374,401",1,12/31/16
BOYACA,COMBI,15204,REGION 7,0,17,0,17,12/31/16,"67,394,364,822",17,12/31/16
BOYACA,PACHA,15511,REGION 7,0,10,0,10,12/31/16,"39,643,744,013",10,12/31/16
BOYACA,TUTA,15837,REGION 7,0,15,0,15,12/31/16,"59,465,616,020",15,12/31/16
SANTANDER,ONZAG,68502,REGION 7,0,34,0,34,12/31/16,"134,788,729,644",34,12/31/16
BOYACA,GAMEZ,15296,REGION 7,0,30,0,30,12/31/16,"118,931,232,039",30,12/31/16
BOYACA,TIBAN,15804,REGION 7,0,20,0,20,12/31/16,"79,287,488,026",20,12/31/16
SANTANDER,CHIMA,68176,REGION 7,0,3,0,3,12/31/16,"11,893,123,204",3,12/31/16
SANTANDER,CONFI,68209,REGION 7,0,23,0,23,12/31/16,"91,180,611,230",23,12/31/16
SANTANDER,SUAIT,68770,REGION 7,0,13,0,13,12/31/16,"51,536,867,217",13,12/31/16
BOYACA,TASCO,15790,REGION 7,0,67,0,67,12/31/16,"265,613,084,888",67,12/31/16
BOYACA,SAN L,15667,REGION 7,0,69,0,69,12/31/16,"273,541,833,690",69,12/31/16
BOYACA,PANQU,15522,REGION 7,0,1,0,1,12/31/16,"3,964,374,401",1,12/31/16
BOYACA,BUSBA,15114,REGION 7,0,12,0,12,12/31/16,"47,572,492,816",12,12/31/16
SANTANDER,TONA,68820,REGION 7,0,26,0,26,12/31/16,"103,073,734,434",26,12/31/16
SANTANDER,SOCOR,68755,REGION 7,0,228,0,228,12/31/16,"903,877,363,498",228,12/31/16
BOYACA,RAQUI,15600,REGION 7,0,25,0,25,12/31/16,"99,109,360,033",25,12/31/16
ARAUCA,ARAUC,81001,REGION 7,0,45,0,45,12/31/16,"178,396,848,059",45,12/31/16
BOYACA,PESCA,15542,REGION 7,0,86,0,86,12/31/16,"340,936,198,512",86,12/31/16
BOYACA,FLORE,15276,REGION 7,0,65,0,65,12/31/16,"257,684,336,085",65,12/31/16
CASANARE,TAURA,85410,REGION 7,0,178,0,178,12/31/16,"705,658,643,433",178,12/31/16
CASANARE,HATO,85125,REGION 7,0,58,0,58,12/31/16,"229,933,715,276",58,12/31/16
BOYACA,SAN E,15660,REGION 7,0,10,0,10,12/31/16,"39,643,744,013",10,12/31/16
SANTANDER,HATO,68344,REGION 7,0,2,0,2,12/31/16,"7,928,748,803",2,12/31/16
SANTANDER,ARATO,68051,REGION 7,0,15,0,15,12/31/16,"59,465,616,020",15,12/31/16
BOYACA,TOGsI,15816,REGION 7,0,23,0,23,12/31/16,"91,180,611,230",23,12/31/16
BOYACA,BUENA,15109,REGION 7,0,4,0,4,12/31/16,"15,857,497,605",4,12/31/16
BOYACA,MACAN,15425,REGION 7,0,41,0,41,12/31/16,"162,539,350,454",41,12/31/16
SANTANDER,BARIC,68079,REGION 7,0,6,0,6,12/31/16,"23,786,246,408",6,12/31/16
BOYACA,SATIV,15720,REGION 7,0,4,0,4,12/31/16,"15,857,497,605",4,12/31/16
SANTANDER,LA BE,68377,REGION 7,0,27,0,27,12/31/16,"107,038,108,835",27,12/31/16
BOYACA,CALDA,15131,REGION 7,0,4,0,4,12/31/16,"15,857,497,605",4,12/31/16
BOYACA,LA CA,15380,REGION 7,0,7,0,7,12/31/16,"27,750,620,809",7,12/31/16
BOYACA,AQUIT,15047,REGION 7,0,123,0,123,12/31/16,"487,618,051,361",123,12/31/16
CASANARE,SAN L,85325,REGION 7,0,17,0,17,12/31/16,"67,394,364,822",17,12/31/16
SANTANDER,AGUAD,68013,REGION 7,0,1,0,1,12/31/16,"3,964,374,401",1,12/31/16
BOYACA,SAMAC,15646,REGION 7,0,21,0,21,12/31/16,"83,251,862,427",21,12/31/16
BOYACA,BERBE,15090,REGION 7,0,2,0,2,12/31/16,"7,928,748,803",2,12/31/16
BOYACA,GARAG,15299,REGION 7,0,181,0,181,12/31/16,"717,551,766,637",181,12/31/16
BOYACA,CHITA,15183,REGION 7,0,55,0,55,12/31/16,"218,040,592,072",55,12/31/16
SANTANDER,SAN V,68689,REGION 7,0,25,0,25,12/31/16,"99,109,360,033",25,12/31/16
BOYACA,CHIQU,15232,REGION 7,0,4,0,4,12/31/16,"15,857,497,605",4,12/31/16
SANTANDER,PUERT,68575,REGION 7,0,314,0,314,12/31/16,"1,244,813,562,011",314,12/31/16
CUNDINAMARCA,EL RO,25260,REGION 8,0,181,0,181,12/31/16,"658,361,691,852",181,12/31/16
CUNDINAMARCA,MADRI,25430,REGION 8,0,6,0,6,12/31/16,"21,824,144,481",6,12/31/16
CUNDINAMARCA,VILLE,25875,REGION 8,0,34,0,34,12/31/16,"123,670,152,061",34,12/31/16
CUNDINAMARCA,UBALA,25839,REGION 8,0,9,0,9,12/31/16,"32,736,216,722",9,12/31/16
CUNDINAMARCA,UTICA,25851,REGION 8,0,40,0,40,12/31/16,"145,494,296,542",40,12/31/16
CUNDINAMARCA,GUATA,25326,REGION 8,0,22,0,22,12/31/16,"80,021,863,098",22,12/31/16
CUNDINAMARCA,CHOAC,25181,REGION 8,0,49,0,49,12/31/16,"178,230,513,264",49,12/31/16
CUNDINAMARCA,SUBAC,25769,REGION 8,0,71,0,71,12/31/16,"258,252,376,362",71,12/31/16
META,PUERT,50590,REGION 8,0,19,0,19,12/31/16,"69,109,790,857",19,12/31/16
CUNDINAMARCA,COGUA,25200,REGION 8,0,15,0,15,12/31/16,"54,560,361,203",15,12/31/16
CUNDINAMARCA,FUSAG,25290,REGION 8,0,731,0,731,12/31/16,"2,658,908,269,302",731,12/31/16
META,PUERT,50450,REGION 8,0,58,0,58,12/31/16,"210,966,729,986",58,12/31/16
CUNDINAMARCA,LA CA,25377,REGION 8,0,9,0,9,12/31/16,"32,736,216,722",9,12/31/16
CUNDINAMARCA,CHAGU,25168,REGION 8,0,7,0,7,12/31/16,"25,461,501,895",7,12/31/16
CUNDINAMARCA,TIBAC,25805,REGION 8,0,5,0,5,12/31/16,"18,186,787,068",5,12/31/16
CUNDINAMARCA,UBAQU,25841,REGION 8,0,22,0,22,12/31/16,"80,021,863,098",22,12/31/16
META,SAN M,50689,REGION 8,0,253,0,253,12/31/16,"920,251,425,627",253,12/31/16
CUNDINAMARCA,SAN B,25649,REGION 8,0,10,0,10,12/31/16,"36,373,574,135",10,12/31/16
CUNDINAMARCA,CHIA,25175,REGION 8,0,6,0,6,12/31/16,"21,824,144,481",6,12/31/16
META,ACACI,50006,REGION 8,0,446,0,446,12/31/16,"1,622,261,406,442",446,12/31/16
META,SAN J,50683,REGION 8,0,51,0,51,12/31/16,"185,505,228,091",51,12/31/16
CUNDINAMARCA,APULO,25599,REGION 8,0,37,0,37,12/31/16,"134,582,224,301",37,12/31/16
CUNDINAMARCA,GRANA,25312,REGION 8,0,50,0,50,12/31/16,"181,867,870,677",50,12/31/16
CUNDINAMARCA,ANAPO,25035,REGION 8,0,22,0,22,12/31/16,"80,021,863,098",22,12/31/16
CUNDINAMARCA,EL CO,25245,REGION 8,0,63,0,63,12/31/16,"229,153,517,053",63,12/31/16
CUNDINAMARCA,CARME,25154,REGION 8,0,17,0,17,12/31/16,"61,835,076,030",17,12/31/16
CUNDINAMARCA,GIRAR,25307,REGION 8,25,618,0,618,12/31/16,"2,338,820,816,910",643,12/31/16
CUNDINAMARCA,JUNIN,25372,REGION 8,0,11,0,11,12/31/16,"40,010,931,549",11,12/31/16
CUNDINAMARCA,SUESC,25772,REGION 8,0,95,0,95,12/31/16,"345,548,954,287",95,12/31/16
CUNDINAMARCA,SASAI,25718,REGION 8,0,86,0,86,12/31/16,"312,812,737,565",86,12/31/16
CUNDINAMARCA,LA VE,25402,REGION 8,0,72,0,72,12/31/16,"261,889,733,775",72,12/31/16
META,SAN J,50686,REGION 8,0,15,0,15,12/31/16,"54,560,361,203",15,12/31/16
CUNDINAMARCA,BITUI,25095,REGION 8,0,2,0,2,12/31/16,"7,274,714,827",2,12/31/16
CUNDINAMARCA,VIOTA,25878,REGION 8,0,24,0,24,12/31/16,"87,296,577,925",24,12/31/16
CUNDINAMARCA,NIMAI,25489,REGION 8,0,17,0,17,12/31/16,"61,835,076,030",17,12/31/16
CUNDINAMARCA,COTA,25214,REGION 8,0,22,0,22,12/31/16,"80,021,863,098",22,12/31/16
META,GUAMA,50318,REGION 8,0,66,0,66,12/31/16,"240,065,589,294",66,12/31/16
CUNDINAMARCA,EL PE,25258,REGION 8,0,8,0,8,12/31/16,"29,098,859,308",8,12/31/16
CUNDINAMARCA,TOCAI,25815,REGION 8,37,113,0,113,12/31/16,"545,603,612,032",150,12/31/16
CUNDINAMARCA,TENJO,25799,REGION 8,0,9,0,9,12/31/16,"32,736,216,722",9,12/31/16
CUNDINAMARCA,SAN C,25653,REGION 8,0,2,0,2,12/31/16,"7,274,714,827",2,12/31/16
CUNDINAMARCA,PACHO,25513,REGION 8,7,46,0,46,12/31/16,"192,779,942,918",53,12/31/16
META,EL CA,50251,REGION 8,0,34,0,34,12/31/16,"123,670,152,061",34,12/31/16
CUNDINAMARCA,VENEC,25506,REGION 8,0,7,0,7,12/31/16,"25,461,501,895",7,12/31/16
META,MESET,50330,REGION 8,0,52,0,52,12/31/16,"189,142,585,504",52,12/31/16
CUNDINAMARCA,NEMOC,25486,REGION 8,28,125,0,125,12/31/16,"556,515,684,273",153,12/31/16
CUNDINAMARCA,BOJAC,25099,REGION 8,0,101,0,101,12/31/16,"367,373,098,768",101,12/31/16
CUNDINAMARCA,MOSQU,25473,REGION 8,0,8,0,8,12/31/16,"29,098,859,308",8,12/31/16
CUNDINAMARCA,GACHE,25297,REGION 8,0,90,0,90,12/31/16,"327,362,167,219",90,12/31/16
META,CUBAR,50223,REGION 8,0,33,0,33,12/31/16,"120,032,794,647",33,12/31/16
CUNDINAMARCA,GUAYA,25328,REGION 8,0,23,0,23,12/31/16,"83,659,220,512",23,12/31/16
CUNDINAMARCA,SUSA,25779,REGION 8,0,38,0,38,12/31/16,"138,219,581,715",38,12/31/16
BOGOTA,BOGOT,11001,REGION 8,60,1,0,1,12/31/16,"221,878,802,226",61,12/31/16
CUNDINAMARCA,GAMA,25299,REGION 8,0,9,0,9,12/31/16,"32,736,216,722",9,12/31/16
CUNDINAMARCA,YACOP,25885,REGION 8,0,27,0,27,12/31/16,"98,208,650,166",27,12/31/16
META,PUERT,50573,REGION 8,0,117,0,117,12/31/16,"425,570,817,385",117,12/31/16
CUNDINAMARCA,GUTIE,25339,REGION 8,0,6,0,6,12/31/16,"21,824,144,481",6,12/31/16
CUNDINAMARCA,GUADU,25320,REGION 8,0,224,0,224,12/31/16,"814,768,060,634",224,12/31/16
META,CASTI,50150,REGION 8,0,63,0,63,12/31/16,"229,153,517,053",63,12/31/16
CUNDINAMARCA,CHOCO,25183,REGION 8,0,123,0,123,12/31/16,"447,394,961,866",123,12/31/16
CUNDINAMARCA,ZIPAQ,25899,REGION 8,0,14,0,14,12/31/16,"50,923,003,790",14,12/31/16
CUNDINAMARCA,MEDIN,25438,REGION 8,0,42,0,42,12/31/16,"152,769,011,369",42,12/31/16
META,EL CA,50245,REGION 8,0,5,0,5,12/31/16,"18,186,787,068",5,12/31/16
CUNDINAMARCA,ALBAN,25019,REGION 8,0,7,0,7,12/31/16,"25,461,501,895",7,12/31/16
CUNDINAMARCA,SUTAT,25781,REGION 8,0,20,0,20,12/31/16,"72,747,148,271",20,12/31/16
CUNDINAMARCA,FOMEQ,25279,REGION 8,0,38,0,38,12/31/16,"138,219,581,715",38,12/31/16
META,VISTA,50711,REGION 8,0,100,0,100,12/31/16,"363,735,741,355",100,12/31/16
CUNDINAMARCA,SUPAT,25777,REGION 8,0,8,0,8,12/31/16,"29,098,859,308",8,12/31/16
CUNDINAMARCA,GUASC,25322,REGION 8,0,48,0,48,12/31/16,"174,593,155,850",48,12/31/16
CUNDINAMARCA,MACHE,25426,REGION 8,0,10,0,10,12/31/16,"36,373,574,135",10,12/31/16
META,SAN C,50680,REGION 8,0,112,0,112,12/31/16,"407,384,030,317",112,12/31/16
META,LEJAN,50400,REGION 8,0,61,0,61,12/31/16,"221,878,802,226",61,12/31/16
META,CABUY,50124,REGION 8,0,38,0,38,12/31/16,"138,219,581,715",38,12/31/16
CUNDINAMARCA,CAQUE,25151,REGION 8,0,66,0,66,12/31/16,"240,065,589,294",66,12/31/16
META,PUERT,50577,REGION 8,0,69,0,69,12/31/16,"250,977,661,535",69,12/31/16
CUNDINAMARCA,SAN F,25658,REGION 8,0,33,0,33,12/31/16,"120,032,794,647",33,12/31/16
META,FUENT,50287,REGION 8,0,49,0,49,12/31/16,"178,230,513,264",49,12/31/16
CUNDINAMARCA,PULI,25580,REGION 8,0,19,0,19,12/31/16,"69,109,790,857",19,12/31/16
CUNDINAMARCA,ZIPAC,25898,REGION 8,0,16,0,16,12/31/16,"58,197,718,617",16,12/31/16
CUNDINAMARCA,VILLA,25871,REGION 8,0,14,0,14,12/31/16,"50,923,003,790",14,12/31/16
CUNDINAMARCA,CUCUN,25224,REGION 8,0,6,0,6,12/31/16,"21,824,144,481",6,12/31/16
CUNDINAMARCA,ARBEL,25053,REGION 8,0,11,0,11,12/31/16,"40,010,931,549",11,12/31/16
CUNDINAMARCA,PANDI,25524,REGION 8,0,16,0,16,12/31/16,"58,197,718,617",16,12/31/16
META,PUERT,50568,REGION 8,0,72,0,72,12/31/16,"261,889,733,775",72,12/31/16
CUNDINAMARCA,LENGU,25407,REGION 8,0,17,0,17,12/31/16,"61,835,076,030",17,12/31/16
CUNDINAMARCA,AGUA,25001,REGION 8,0,166,0,166,12/31/16,"603,801,330,649",166,12/31/16
META,EL DO,50270,REGION 8,0,51,0,51,12/31/16,"185,505,228,091",51,12/31/16
SAN ANDRES Y PROVIDENCIA,SAN A,88001,REGION 8,0,82,0,82,12/31/16,"298,263,307,911",82,12/31/16
META,GRANA,50313,REGION 8,53,439,0,439,12/31/16,"1,789,579,847,465",492,12/31/16
CUNDINAMARCA,CHIPA,25178,REGION 8,0,38,0,38,12/31/16,"138,219,581,715",38,12/31/16
CUNDINAMARCA,FUNZA,25286,REGION 8,0,1,0,1,12/31/16,"3,637,357,414",1,12/31/16
CUNDINAMARCA,PAIME,25518,REGION 8,0,7,0,7,12/31/16,"25,461,501,895",7,12/31/16
CUNDINAMARCA,FUQUE,25288,REGION 8,0,10,0,10,12/31/16,"36,373,574,135",10,12/31/16
CUNDINAMARCA,TENA,25797,REGION 8,0,2,0,2,12/31/16,"7,274,714,827",2,12/31/16
CUNDINAMARCA,SAN J,25662,REGION 8,0,75,0,75,12/31/16,"272,801,806,016",75,12/31/16
CUNDINAMARCA,SILVA,25743,REGION 8,0,8,0,8,12/31/16,"29,098,859,308",8,12/31/16
CUNDINAMARCA,NOCAI,25491,REGION 8,0,10,0,10,12/31/16,"36,373,574,135",10,12/31/16
CUNDINAMARCA,SOPO,25758,REGION 8,0,6,0,6,12/31/16,"21,824,144,481",6,12/31/16
CUNDINAMARCA,TOPAI,25823,REGION 8,0,9,0,9,12/31/16,"32,736,216,722",9,12/31/16
CUNDINAMARCA,SAN A,25645,REGION 8,0,30,0,30,12/31/16,"109,120,722,406",30,12/31/16
CUNDINAMARCA,CACHI,25123,REGION 8,0,8,0,8,12/31/16,"29,098,859,308",8,12/31/16
CUNDINAMARCA,CAPAR,25148,REGION 8,0,37,0,37,12/31/16,"134,582,224,301",37,12/31/16
CUNDINAMARCA,SIMIJ,25745,REGION 8,3,45,0,45,12/31/16,"174,593,155,850",48,12/31/16
CUNDINAMARCA,TAUSA,25793,REGION 8,0,12,0,12,12/31/16,"43,648,288,963",12,12/31/16
CUNDINAMARCA,RICAU,25612,REGION 8,38,50,0,50,12/31/16,"320,087,452,392",88,12/31/16
CUNDINAMARCA,TABIO,25785,REGION 8,0,16,0,16,12/31/16,"58,197,718,617",16,12/31/16
CUNDINAMARCA,QUIPI,25596,REGION 8,0,5,0,5,12/31/16,"18,186,787,068",5,12/31/16
CUNDINAMARCA,MANTA,25436,REGION 8,0,7,0,7,12/31/16,"25,461,501,895",7,12/31/16
CUNDINAMARCA,QUETA,25594,REGION 8,0,42,0,42,12/31/16,"152,769,011,369",42,12/31/16
CUNDINAMARCA,TIBIR,25807,REGION 8,0,18,0,18,12/31/16,"65,472,433,444",18,12/31/16
CUNDINAMARCA,GACHA,25295,REGION 8,0,74,0,74,12/31/16,"269,164,448,602",74,12/31/16
CUNDINAMARCA,VILLA,25873,REGION 8,0,82,0,82,12/31/16,"298,263,307,911",82,12/31/16
META,RESTR,50606,REGION 8,0,117,0,117,12/31/16,"425,570,817,385",117,12/31/16
CUNDINAMARCA,UNE,25845,REGION 8,0,44,0,44,12/31/16,"160,043,726,196",44,12/31/16
CUNDINAMARCA,JERUS,25368,REGION 8,0,4,0,4,12/31/16,"14,549,429,654",4,12/31/16
CUNDINAMARCA,NILO,25488,REGION 8,0,74,0,74,12/31/16,"269,164,448,602",74,12/31/16
CUNDINAMARCA,FOSCA,25281,REGION 8,0,23,0,23,12/31/16,"83,659,220,512",23,12/31/16
CUNDINAMARCA,LA ME,25386,REGION 8,0,134,0,134,12/31/16,"487,405,893,415",134,12/31/16
CUNDINAMARCA,BELTR,25086,REGION 8,0,5,0,5,12/31/16,"18,186,787,068",5,12/31/16
CUNDINAMARCA,GUACH,25317,REGION 8,0,26,0,26,12/31/16,"94,571,292,752",26,12/31/16
CUNDINAMARCA,TOCAN,25817,REGION 8,0,40,0,40,12/31/16,"145,494,296,542",40,12/31/16
CUNDINAMARCA,PASCA,25535,REGION 8,0,11,0,11,12/31/16,"40,010,931,549",11,12/31/16
CUNDINAMARCA,SESQU,25736,REGION 8,0,51,0,51,12/31/16,"185,505,228,091",51,12/31/16
CUNDINAMARCA,CAJIC,25126,REGION 8,0,2,0,2,12/31/16,"7,274,714,827",2,12/31/16
CUNDINAMARCA,VILLA,25843,REGION 8,0,184,0,184,12/31/16,"669,273,764,093",184,12/31/16
CUNDINAMARCA,CABRE,25120,REGION 8,0,55,0,55,12/31/16,"200,054,657,745",55,12/31/16
CUNDINAMARCA,GUAYA,25335,REGION 8,0,8,0,8,12/31/16,"29,098,859,308",8,12/31/16
CUNDINAMARCA,SOACH,25754,REGION 8,671,2,0,2,12/31/16,"2,447,941,539,317",673,12/31/16
CUNDINAMARCA,VIANI,25867,REGION 8,0,6,0,6,12/31/16,"21,824,144,481",6,12/31/16
CUNDINAMARCA,PUERT,25572,REGION 8,87,10,0,10,12/31/16,"352,823,669,114",97,12/31/16
CUNDINAMARCA,GACHA,25293,REGION 8,0,21,0,21,12/31/16,"76,384,505,684",21,12/31/16
CUNDINAMARCA,LA PE,25398,REGION 8,0,20,0,20,12/31/16,"72,747,148,271",20,12/31/16
CUNDINAMARCA,LA PA,25394,REGION 8,0,59,0,59,12/31/16,"214,604,087,399",59,12/31/16
CUNDINAMARCA,QUEBR,25592,REGION 8,0,3,0,3,12/31/16,"10,912,072,241",3,12/31/16
CUNDINAMARCA,VERGA,25862,REGION 8,0,15,0,15,12/31/16,"54,560,361,203",15,12/31/16
CUNDINAMARCA,ANOLA,25040,REGION 8,0,4,0,4,12/31/16,"14,549,429,654",4,12/31/16
CUNDINAMARCA,PARAT,25530,REGION 8,0,22,0,22,12/31/16,"80,021,863,098",22,12/31/16
TOLIMA,MURIL,73461,REGION 9,0,47,0,47,12/31/16,"193,565,479,606",47,12/31/16
TOLIMA,CUNDA,73226,REGION 9,0,94,0,94,12/31/16,"387,130,959,212",94,12/31/16
HUILA,PITAL,41551,REGION 9,0,999,0,999,12/31/16,"4,114,296,045,242",999,12/31/16
TOLIMA,CARME,73148,REGION 9,0,173,0,173,12/31/16,"712,485,701,528",173,12/31/16
NARIÑO,ALDAN,52022,REGION 9,0,8,0,8,12/31/16,"32,947,315,678",8,12/31/16
NARIÑO,TAMIN,52786,REGION 9,0,38,0,38,12/31/16,"156,499,749,469",38,12/31/16
TOLIMA,RIOBL,73616,REGION 9,0,68,0,68,12/31/16,"280,052,183,260",68,12/31/16
NARIÑO,ALBAN,52019,REGION 9,0,8,0,8,12/31/16,"32,947,315,678",8,12/31/16
TOLIMA,VILLA,73873,REGION 9,0,82,0,82,12/31/16,"337,709,985,696",82,12/31/16
NARIÑO,BELEN,52083,REGION 9,0,8,0,8,12/31/16,"32,947,315,678",8,12/31/16
TOLIMA,COYAI,73217,REGION 9,0,122,0,122,12/31/16,"502,446,564,084",122,12/31/16
TOLIMA,HONDA,73349,REGION 9,0,120,0,120,12/31/16,"494,209,735,164",120,12/31/16
TOLIMA,PALOC,73520,REGION 9,0,76,0,76,12/31/16,"312,999,498,937",76,12/31/16
TOLIMA,MELGA,73449,REGION 9,0,235,0,235,12/31/16,"967,827,398,030",235,12/31/16
NARIÑO,FUNES,52287,REGION 9,0,13,0,13,12/31/16,"53,539,387,976",13,12/31/16
HUILA,CAMPO,41132,REGION 9,0,599,0,599,12/31/16,"2,466,930,261,361",599,12/31/16
NARIÑO,PASTO,52001,REGION 9,311,337,0,337,12/31/16,"2,668,732,569,886",648,12/31/16
NARIÑO,ILES,52352,REGION 9,0,66,0,66,12/31/16,"271,815,354,340",66,12/31/16
TOLIMA,SANTA,73686,REGION 9,0,49,0,49,12/31/16,"201,802,308,525",49,12/31/16
CAUCA,PUERT,19573,REGION 9,0,64,0,64,12/31/16,"263,578,525,421",64,12/31/16
NARIÑO,SANDO,52683,REGION 9,9,59,0,59,12/31/16,"280,052,183,260",68,12/31/16
NARIÑO,EL TA,52260,REGION 9,0,19,0,19,12/31/16,"78,249,874,734",19,12/31/16
TOLIMA,GUAMO,73319,REGION 9,0,250,0,250,12/31/16,"1,029,603,614,925",250,12/31/16
NARIÑO,IPIAL,52356,REGION 9,0,669,0,669,12/31/16,"2,755,219,273,540",669,12/31/16
TOLIMA,COELL,73200,REGION 9,0,21,0,21,12/31/16,"86,486,703,654",21,12/31/16
TOLIMA,CAJAM,73124,REGION 9,0,85,0,85,12/31/16,"350,065,229,075",85,12/31/16
PUTUMAYO,SAN F,86755,REGION 9,0,27,0,27,12/31/16,"111,197,190,412",27,12/31/16
NARIÑO,LA UN,52399,REGION 9,0,8,0,8,12/31/16,"32,947,315,678",8,12/31/16
TOLIMA,FLAND,73275,REGION 9,0,64,0,64,12/31/16,"263,578,525,421",64,12/31/16
NARIÑO,CUASP,52224,REGION 9,0,1,0,1,12/31/16,"4,118,414,460",1,12/31/16
TOLIMA,ICONO,73352,REGION 9,0,50,0,50,12/31/16,"205,920,722,985",50,12/31/16
NARIÑO,IMUES,52354,REGION 9,0,10,0,10,12/31/16,"41,184,144,597",10,12/31/16
NARIÑO,CORDO,52215,REGION 9,0,55,0,55,12/31/16,"226,512,795,284",55,12/31/16
NARIÑO,POTOS,52560,REGION 9,0,6,0,6,12/31/16,"24,710,486,758",6,12/31/16
NARIÑO,EL TA,52258,REGION 9,0,3,0,3,12/31/16,"12,355,243,379",3,12/31/16
NARIÑO,RICAU,52612,REGION 9,0,26,0,26,12/31/16,"107,078,775,952",26,12/31/16
TOLIMA,LIBAN,73411,REGION 9,0,283,0,283,12/31/16,"1,165,511,292,095",283,12/31/16
CAUCA,PATIA,19532,REGION 9,0,24,0,24,12/31/16,"98,841,947,033",24,12/31/16
NARIÑO,SAN P,52693,REGION 9,0,9,0,9,12/31/16,"37,065,730,137",9,12/31/16
TOLIMA,MARIQ,73443,REGION 9,0,12,0,12,12/31/16,"49,420,973,516",12,12/31/16
NARIÑO,SAN B,52685,REGION 9,0,36,0,36,12/31/16,"148,262,920,549",36,12/31/16
NARIÑO,ANCUY,52036,REGION 9,0,6,0,6,12/31/16,"24,710,486,758",6,12/31/16
NARIÑO,LA FL,52381,REGION 9,0,6,0,6,12/31/16,"24,710,486,758",6,12/31/16
TOLIMA,PURIF,73585,REGION 9,0,260,0,260,12/31/16,"1,070,787,759,522",260,12/31/16
TOLIMA,RONCE,73622,REGION 9,0,40,0,40,12/31/16,"164,736,578,388",40,12/31/16
TOLIMA,SALDA,73671,REGION 9,0,164,0,164,12/31/16,"675,419,971,391",164,12/31/16
HUILA,NEIVA,41001,REGION 9,115,141,0,141,12/31/16,"1,054,314,101,684",256,12/31/16
TOLIMA,ORTEG,73504,REGION 9,0,153,0,153,12/31/16,"630,117,412,334",153,12/31/16
TOLIMA,SAN L,73678,REGION 9,0,169,0,169,12/31/16,"696,012,043,690",169,12/31/16
NARIÑO,TANGU,52788,REGION 9,0,37,0,37,12/31/16,"152,381,335,009",37,12/31/16
TOLIMA,AMBAL,73030,REGION 9,0,82,0,82,12/31/16,"337,709,985,696",82,12/31/16
TOLIMA,FALAN,73270,REGION 9,0,47,0,47,12/31/16,"193,565,479,606",47,12/31/16
NARIÑO,PROVI,52565,REGION 9,0,16,0,16,12/31/16,"65,894,631,355",16,12/31/16
TOLIMA,NATAG,73483,REGION 9,0,10,0,10,12/31/16,"41,184,144,597",10,12/31/16
NARIÑO,GUAIT,52320,REGION 9,0,8,0,8,12/31/16,"32,947,315,678",8,12/31/16
CAQUETA,FLORE,18001,REGION 9,37,286,0,286,12/31/16,"1,330,247,870,484",323,12/31/16
NARIÑO,LINAR,52411,REGION 9,0,60,0,60,12/31/16,"247,104,867,582",60,12/31/16
NARIÑO,CUMBA,52227,REGION 9,0,48,0,48,12/31/16,"197,683,894,066",48,12/31/16
NARIÑO,SANTA,52699,REGION 9,0,11,0,11,12/31/16,"45,302,559,057",11,12/31/16
PUTUMAYO,COLON,86219,REGION 9,0,10,0,10,12/31/16,"41,184,144,597",10,12/31/16
NARIÑO,PUPIA,52585,REGION 9,0,96,0,96,12/31/16,"395,367,788,131",96,12/31/16
TOLIMA,ESPIN,73268,REGION 9,15,139,0,139,12/31/16,"634,235,826,794",154,12/31/16
NARIÑO,SAN P,52694,REGION 9,0,37,0,37,12/31/16,"152,381,335,009",37,12/31/16
TOLIMA,PLANA,73555,REGION 9,0,36,0,36,12/31/16,"148,262,920,549",36,12/31/16
TOLIMA,SUARE,73770,REGION 9,0,29,0,29,12/31/16,"119,434,019,331",29,12/31/16
PUTUMAYO,SIBUN,86749,REGION 9,0,84,0,84,12/31/16,"345,946,814,615",84,12/31/16
NARIÑO,LA CR,52378,REGION 9,0,75,0,75,12/31/16,"308,881,084,478",75,12/31/16
NARIÑO,CHACH,52240,REGION 9,0,11,0,11,12/31/16,"45,302,559,057",11,12/31/16
CAUCA,SANTA,19698,REGION 9,42,11,0,11,12/31/16,"218,275,966,364",53,12/31/16
HUILA,GARZO,41298,REGION 9,0,568,0,568,12/31/16,"2,339,259,413,110",568,12/31/16
TOLIMA,HERVE,73347,REGION 9,0,77,0,77,12/31/16,"317,117,913,397",77,12/31/16
NARIÑO,YACUA,52885,REGION 9,36,46,0,46,12/31/16,"337,709,985,696",82,12/31/16
NARIÑO,OSPIN,52506,REGION 9,0,22,0,22,12/31/16,"90,605,118,113",22,12/31/16
TOLIMA,VALLE,73854,REGION 9,0,77,0,77,12/31/16,"317,117,913,397",77,12/31/16
NARIÑO,CONSA,52207,REGION 9,0,14,0,14,12/31/16,"57,657,802,436",14,12/31/16
TOLIMA,ALVAR,73026,REGION 9,0,81,0,81,12/31/16,"333,591,571,236",81,12/31/16
NARIÑO,PUERR,52573,REGION 9,0,4,0,4,12/31/16,"16,473,657,839",4,12/31/16
TOLIMA,FRESN,73283,REGION 9,0,132,0,132,12/31/16,"543,630,708,681",132,12/31/16
PUTUMAYO,SANTI,86760,REGION 9,0,18,0,18,12/31/16,"74,131,460,275",18,12/31/16
TOLIMA,CHAPA,73168,REGION 9,13,411,0,411,12/31/16,"1,746,207,730,913",424,12/31/16
TOLIMA,VENAD,73861,REGION 9,0,193,0,193,12/31/16,"794,853,990,722",193,12/31/16
NARIÑO,SAN L,52687,REGION 9,0,6,0,6,12/31/16,"24,710,486,758",6,12/31/16
TOLIMA,ROVIR,73624,REGION 9,0,124,0,124,12/31/16,"510,683,393,003",124,12/31/16
TOLIMA,DOLOR,73236,REGION 9,0,122,0,122,12/31/16,"502,446,564,084",122,12/31/16
TOLIMA,PIEDR,73547,REGION 9,0,61,0,61,12/31/16,"251,223,282,042",61,12/31/16
TOLIMA,IBAGU,73001,REGION 9,144,67,0,67,12/31/16,"868,985,450,997",211,12/31/16
TOLIMA,VILLA,73870,REGION 9,0,132,0,132,12/31/16,"543,630,708,681",132,12/31/16
NARIÑO,SAMAN,52678,REGION 9,0,40,0,40,12/31/16,"164,736,578,388",40,12/31/16
CAUCA,POPAY,19001,REGION 9,238,66,0,66,12/31/16,"1,251,997,995,749",304,12/31/16
NARIÑO,BUESA,52110,REGION 9,0,76,0,76,12/31/16,"312,999,498,937",76,12/31/16
TOLIMA,ATACO,73067,REGION 9,0,205,0,205,12/31/16,"844,274,964,239",205,12/31/16
NARIÑO,SAPUY,52720,REGION 9,0,13,0,13,12/31/16,"53,539,387,976",13,12/31/16
TOLIMA,ALPUJ,73024,REGION 9,0,89,0,89,12/31/16,"366,538,886,913",89,12/31/16
NARIÑO,GUALM,52323,REGION 9,0,38,0,38,12/31/16,"156,499,749,469",38,12/31/16
TOLIMA,ARMER,73055,REGION 9,0,285,0,285,12/31/16,"1,173,748,121,015",285,12/31/16
NARIÑO,GUACH,52317,REGION 9,0,44,0,44,12/31/16,"181,210,236,227",44,12/31/16
TOLIMA,PRADO,73563,REGION 9,0,82,0,82,12/31/16,"337,709,985,696",82,12/31/16
NARIÑO,TUQUE,52838,REGION 9,0,9,0,9,12/31/16,"37,065,730,137",9,12/31/16
TOLIMA,CASAB,73152,REGION 9,0,77,0,77,12/31/16,"317,117,913,397",77,12/31/16
NARIÑO,ARBOL,52051,REGION 9,0,5,0,5,12/31/16,"20,592,072,299",5,12/31/16
TOLIMA,ANZOA,73043,REGION 9,0,48,0,48,12/31/16,"197,683,894,066",48,12/31/16
NARIÑO,CONTA,52210,REGION 9,0,8,0,8,12/31/16,"32,947,315,678",8,12/31/16
NARIÑO,MALLA,52435,REGION 9,0,41,0,41,12/31/16,"168,854,992,848",41,12/31/16
TOLIMA,SAN A,73675,REGION 9,0,131,0,131,12/31/16,"539,512,294,221",131,12/31/16
TOLIMA,LERID,73408,REGION 9,0,375,0,375,12/31/16,"1,544,405,422,388",375,12/31/16
NARIÑO,NARIÑ,52480,REGION 9,0,8,0,8,12/31/16,"32,947,315,678",8,12/31/16